#{"t_start": 1672818065.8944871, "env_id": "TestEnvironment-v1"}
r,l,t
2.713463,200,2.864997
9.459825,200,8.984611
