#{"t_start": 1672818036.5815113, "env_id": "TestEnvironment-v1"}
r,l,t
16.428043,200,2.619504
