{"desired_step_len": 0.029307724092854797,
 "ground_clearance": 0.04593641650617684,
 "ground_penetration": 0.014476344382254855,
 "omega_stance": 3.603289585217846,
 "omega_swing": 3.678559317288795}
