#{"t_start": 1672817750.47938, "env_id": "TestEnvironment-v1"}
r,l,t
3.016206,200,2.711999
16.713825,200,8.603499
18.476679,200,14.679999
0.877161,200,21.050502
