#{"t_start": 1672818000.8678958, "env_id": "TestEnvironment-v1"}
r,l,t
0.635028,200,2.641003
