#{"t_start": 1672818311.159035, "env_id": "TestEnvironment-v1"}
r,l,t
9.849322,200,2.644498
18.289928,200,8.4215
